id;date;title;link;label;label_score;cluster_id;matched_tags;source;snippet;content_clean
a3692def1bf8ba455362525591314c9406a9cac63afadc6678d10cbbdefe98e6;2025-10-26 15:15:51;Felmérés: A magyarok fele szerint a kormánynak is felelőssége van a Szőlő utcai ügyben;https://hvg.hu/itthon/20251025_kormany-felelosseg-Szolo-utca-Jambor-Andras-21-kutatokozpont;kormánypárti;0.61;0;;https://hvg.hu/rss;Jámbor András rendelt egy felmérést a 21 Kutatóközponttól. Eszerint még a Fidesz szavazók 10 százaléka is elismeri, hogy a kormánynak van felelőssége az ügyben.;Jámbor András rendelt egy felmérést a 21 Kutatóközponttól. Eszerint még a Fidesz szavazók 10 százaléka is elismeri, hogy a kormánynak van felelőssége az ügyben.
689be132d0c940bb83ba1cd6a5e725ddb3e2e91f3862d3ca0b667769c49c8e5f;2025-10-27 12:40:14;Vitályos Eszter megszólalt Nagy Feró ügyében: „Minden ilyen kijelentéstől elhatárolódom”;https://hvg.hu/itthon/20251027_vitalyos-eszter-nagy-fero-szolo-utca;ellenzéki;0.562;5;;https://hvg.hu/rss;A kormányszóvivő szerint a szavak ereje nagyobb, mint gondolnánk.;A kormányszóvivő szerint a szavak ereje nagyobb, mint gondolnánk.
2ee6a1cfd021e3874c7205f3667b9553aa978de62a9dcc7432468533be708331;2025-10-27 12:40:14;Össztűz zúdult Lantos Csabára: a MOHU díjemelése miatt tiltakoznak a szakmai szervezetek;https://24.hu/fn/gazdasag/2025/10/27/lantos-csaba-energiaugyi-miniszterium-mohu-epr-dijemeles-hulladekgazdalkodas-csomagolas-ujrahasznositas-visszavaltas/;ellenzéki;0.557;5;;https://24.hu/feed/;"<p>A miniszter eddig csak egyetlen szervezet panaszaira reagált.</p> <p>The post <a href=""https://24.hu/fn/gazdasag/2025/10/27/lantos-csaba-energiaugyi-miniszterium-mohu-epr-dijemeles-hulladekgazdalkodas-csomagolas-ujrahasznositas-visszavaltas/"" target=""_blank"">Össztűz zúdult Lantos Csabára: a MOHU díjemelése miatt tiltakoznak a szakmai szervezetek</a> first appeared on <a href=""https://24.hu/"" ta";"<p>A miniszter eddig csak egyetlen szervezet panaszaira reagált.</p> <p>The post <a href=""https://24.hu/fn/gazdasag/2025/10/27/lantos-csaba-energiaugyi-miniszterium-mohu-epr-dijemeles-hulladekgazdalkodas-csomagolas-ujrahasznositas-visszavaltas/"" target=""_blank"">Össztűz zúdult Lantos Csabára: a MOHU díjemelése miatt tiltakoznak a szakmai szervezetek</a> first appeared on <a href=""https://24.hu/"" target=""_blank"">24.hu</a>.</p>"
1c90833eec1fbc5dc3323fd568552b2b6b7ef84847fda4adb359a7ad9a45d6b4;2025-10-27 13:02:35;„A Péter azt mondta: ne féljetek. Én már nem félek” – tiszás aktivisták között Püspökladányban és Hajdúszoboszlón;https://magyarnarancs.hu/kismagyarorszag/a-peter-azt-mondta-ne-feljetek-en-mar-nem-felek-tiszas-aktivistak-kozott-puspokladanyban-es-hajduszoboszlon-277698;kormánypárti;0.555;0;;https://magyarnarancs.hu/rss;<p>Buzizás és újságosztás a piacon, nyomor a fürdőváros szélén. Hajdú-Bihar megyét elérte a változás szele, sokan kárhoztatják a Fideszt. Megnéztük a választókörzetet, ahol azt beszélik, Ruszin-Szendi Romulusz indulhat a Tisza jelöltjeként. </p>;<p>Buzizás és újságosztás a piacon, nyomor a fürdőváros szélén. Hajdú-Bihar megyét elérte a változás szele, sokan kárhoztatják a Fideszt. Megnéztük a választókörzetet, ahol azt beszélik, Ruszin-Szendi Romulusz indulhat a Tisza jelöltjeként. </p>
66fb9f14f3b80ee3a891be22f75f8190ab11672c846dd468cbfb65f0ce39513b;2025-10-27 12:40:17;Vitályos Eszter Nagy Feróról: Minden ilyen kijelentéstől elhatárolódom;https://nepszava.hu/3299335_vitalyos-eszter-nagy-fero-aldozathibaztatas-elhatarolodas-budapesti-javitointezet-botrany;ellenzéki;0.547;5;;https://nepszava.hu/rss;Fideszes politikushoz híven a kormányszóvivő azért nem felejtette el kettős mércével vádolni az áldozathibáztató énekes bírálóit.;Fideszes politikushoz híven a kormányszóvivő azért nem felejtette el kettős mércével vádolni az áldozathibáztató énekes bírálóit.
e7cbdd2c5e820c00a40f647afd0e617d8dde94479f339e612c512bd236bb1e70;2025-10-27 13:02:35;„Vegyük a következő lépcsőfokokat”;https://magyarnarancs.hu/belpol/vegyuk-a-kovetkezo-lepcsofokokat-277681;kormánypárti;0.547;0;;https://magyarnarancs.hu/rss;Nagy Dávid, a Magyar Kétfarkú Kutya Párt listavezetője és újpesti képviselője: Lehet, hogy mindenkinek árt az indulásunk, de a legtöbbet a Fidesznek.;Nagy Dávid, a Magyar Kétfarkú Kutya Párt listavezetője és újpesti képviselője: Lehet, hogy mindenkinek árt az indulásunk, de a legtöbbet a Fidesznek.
c1460d7866dafc50c380d6c4e00472e7d36d1b6447c58ea15d65966a25a83d6f;2025-10-26 15:15:52;Marék Veronika: A háború és a dróntámadások nem férnek bele Boribon világába;https://24.hu/kultura/2025/10/26/marek-veronika-laci-es-az-oroszlan-interju-japan-kell-egy-oroszlan-visky-abel/;ellenzéki;0.546;3;;https://24.hu/feed/;"<p>Miről szabadott és miről nem szabadott gyerekkönyvet írni a szocializmusban? Hogy éli meg, mikor a politika előveszi a gyerekirodalmat? És vajon szokott-e Instagramozni? Interjú.</p> <p>The post <a href=""https://24.hu/kultura/2025/10/26/marek-veronika-laci-es-az-oroszlan-interju-japan-kell-egy-oroszlan-visky-abel/"" target=""_blank"">Marék Veronika: A háború és a dróntámadások nem férnek bele Bori";"<p>Miről szabadott és miről nem szabadott gyerekkönyvet írni a szocializmusban? Hogy éli meg, mikor a politika előveszi a gyerekirodalmat? És vajon szokott-e Instagramozni? Interjú.</p> <p>The post <a href=""https://24.hu/kultura/2025/10/26/marek-veronika-laci-es-az-oroszlan-interju-japan-kell-egy-oroszlan-visky-abel/"" target=""_blank"">Marék Veronika: A háború és a dróntámadások nem férnek bele Boribon világába</a> first appeared on <a href=""https://24.hu/"" target=""_blank"">24.hu</a>.</p>"
b23a155f9451854f577b88d26d544b780833bccbf4dc5ec05194908804b08c4e;2025-10-27 13:02:35;„Még ma is működik az atombomba, amivel gyakorlatilag megsemmisítette a Fidesz az ellenzéket”;https://hang.hu/magyar-hang-plusz/stummer-janos-interju-momentum-atombomba-megsemmisitette-a-fidesz-az-ellenzeket-181735;kormánypárti;0.541;0;;https://hang.hu/rss;Stummer János, a Momentum parlamenti képviselője a kormánypárti kistelepüléseken befagyott erőviszonyokról és a Tisza esélyeiről. Interjú!;Stummer János, a Momentum parlamenti képviselője a kormánypárti kistelepüléseken befagyott erőviszonyokról és a Tisza esélyeiről. Interjú!
b182b398fb8543c123d7135a61c2492b447db48ab3307ab4dfa0aa43af0b7e75;2025-10-27 13:02:35;Gyurcsány Ferenc: Közügyekről már a magánéletben sem nyilatkozom;https://hang.hu/belfold/gyurcsany-ferenc-kozugyekrol-mar-a-maganeletben-sem-nyilatkozom-181889;ellenzéki;0.527;1;;https://hang.hu/rss;A volt kormányfő nem vette zokon a Direkt36 cikkét, de nem kívánt arra reagálni.;A volt kormányfő nem vette zokon a Direkt36 cikkét, de nem kívánt arra reagálni.
e5f5b963a797bd26358a79ec493f89637bbc1f6300e244d3574ba1084cc5c07d;2025-10-27 12:40:13;A határon túli magyarok szavazati joga ma is a magyar politika egyik éles törésvonala;https://telex.hu/transtelex/2025/10/27/virtualis-nemzetepites-lakossagi-tamogatottsag-magyarorszag-felmeres-tanulmany-kiss-tamas-toro-tibor;kormánypárti;0.524;0;;https://telex.hu/rss;Kiss Tamás és Toró Tibor tanulmánya egy 2025-ös reprezentatív kutatás alapján mutatja meg, hogy miközben a kettős állampolgárság és a támogatáspolitika elfogadottsága nő, a „virtuális nemzet” társadalmi elfogadottsága továbbra is ingatag.;Kiss Tamás és Toró Tibor tanulmánya egy 2025-ös reprezentatív kutatás alapján mutatja meg, hogy miközben a kettős állampolgárság és a támogatáspolitika elfogadottsága nő, a „virtuális nemzet” társadalmi elfogadottsága továbbra is ingatag.
13d6ae11c8e2f54b45f36883cebc9ff6fec745bd10422cdb308934df333b60ba;2025-10-27 13:02:35;Vadászok, kergetők, árulók;https://magyarnarancs.hu/belpol/vadaszok-kergetok-arulok-277682;kormánypárti;0.519;0;;https://magyarnarancs.hu/rss;<p>Nyíltan támogatja a Magyar Önvédelmi Mozgalom a Mi Hazánk céljait – kérdés, hogy a Fideszt is kiszolgálják-e. Az utóbbi időben sokan léptek be a szervezetbe. Egyes tagok úgy vélik, hogy a mozgalomra túl nagy hatást gyakorolnak a pártok.</p>;<p>Nyíltan támogatja a Magyar Önvédelmi Mozgalom a Mi Hazánk céljait – kérdés, hogy a Fideszt is kiszolgálják-e. Az utóbbi időben sokan léptek be a szervezetbe. Egyes tagok úgy vélik, hogy a mozgalomra túl nagy hatást gyakorolnak a pártok.</p>
62f508d1383f2402491db3984cf8dab2c5755591516a5db7f57ce773919f3003;2025-10-27 12:40:14;Jan-Werner Müller: A Fehér Ház megalomán átépítése beleillik a szélsőjobbos populisták világtrendjébe;https://hvg.hu/360/20251027_Jan-Werner-Muller-Feher-Haz-megaloman-atepites-szelsojobbos-populistak;ellenzéki;0.507;6;;https://hvg.hu/rss;A Trump-kormányzat eddigi rémtettei közül mindazonáltal nem is a Fehér Ház keleti szárnyának a lerombolása a legrosszabb. Nincs benne az első tízben – írja a Princetoni Egyetem politológiaprofesszora a Guardianben.;A Trump-kormányzat eddigi rémtettei közül mindazonáltal nem is a Fehér Ház keleti szárnyának a lerombolása a legrosszabb. Nincs benne az első tízben – írja a Princetoni Egyetem politológiaprofesszora a Guardianben.
d7fbf6dcd6aca8f0218e17f05c985f5f93aa9aa480f81d3e7b28e432ffbb5577;2025-10-27 13:02:35;Az ördög maga, és még annál is rosszabb;https://hang.hu/magyar-hang-plusz/az-ordog-maga-es-meg-annal-is-rosszabb-181772;kormánypárti;0.507;0;;https://hang.hu/rss;A legerősebb mágia szükségeltetik, hogy csupán néhány percre beleképzeljük magunkat napjaink Fidesz-szavazójának elméjébe. Vagyis, hogy mit üzen a kormánypárt, mit kell elhinnie a szimpatizánsnak.;A legerősebb mágia szükségeltetik, hogy csupán néhány percre beleképzeljük magunkat napjaink Fidesz-szavazójának elméjébe. Vagyis, hogy mit üzen a kormánypárt, mit kell elhinnie a szimpatizánsnak.
d0880046732998c8aa3b570d98bf259a1f3addf8f07f876e6b9c8806d24ee0d1;2025-10-27 13:02:34;Újabb részlet derült ki Gyurcsány Ferenc és Dobrev Klára válásáról, megszólalt a volt miniszterelnök;https://index.hu/belfold/2025/10/27/gyurcsany-ferenc-dobrev-klara-valas-interju-miniszterelnok-dk/;ellenzéki;0.502;1;;https://index.hu/24ora/rss/;A politikáról sem most, sem a belátható jövőben nem fog beszélni.;A politikáról sem most, sem a belátható jövőben nem fog beszélni.
0ca6f992a021b027c2d773928f72c1ce5d02e9882441a5b901a676cd0d89c219;2025-10-27 12:40:14;A „vérbosszú-politika” miatt keveredett vitába Magyar Péter és Schiffer András;https://index.hu/belfold/2025/10/27/magyar-peter-tisza-part-schiffer-andas-vita-toroczkai-laszlo-mi-hazank-fidesz-orszaggyules-kepviselo/;ellenzéki;0.497;0;;https://index.hu/24ora/rss/;A volt országgyűlési képviselő élesen bírál és gusztustalan módszerről beszél, a Tisza Párt elnöke azonnal reagált.;A volt országgyűlési képviselő élesen bírál és gusztustalan módszerről beszél, a Tisza Párt elnöke azonnal reagált.
936244114ffd2c9752c3ea63d7018935636fdf08716d922a2a9aad38d77828e2;2025-10-26 15:15:53;Legyetek gonoszok!;https://magyarnarancs.hu/aszerk/legyetek-gonoszok-277677;kormánypárti;0.492;0;;https://magyarnarancs.hu/rss;A kormányfő edzői utasítása értelmében az ellenféllel szemben, a nagy cél érdekében minden megengedett. A nagy cél természetesen nem más, mint hogy folytassák „a megkezdett munkát”, ami köznyelvi magyarra fordítva annyit tesz: 2026 után is nekem, Orbán Viktornak kell miniszterelnöknek lennem.;A kormányfő edzői utasítása értelmében az ellenféllel szemben, a nagy cél érdekében minden megengedett. A nagy cél természetesen nem más, mint hogy folytassák „a megkezdett munkát”, ami köznyelvi magyarra fordítva annyit tesz: 2026 után is nekem, Orbán Viktornak kell miniszterelnöknek lennem.
484a3f9aa83151583bdaf91bce1af97f2bf2ea836c8e1deae23eca85f9b59f24;2025-10-27 12:40:13;Vitályos Nagy Feró Szőlő utcáról szóló mondatáról: Elhatárolódom, a szavak ereje nagyobb, mint hinnénk;https://telex.hu/belfold/2025/10/27/vitalyos-eszter-nagy-fero-reakcio;kormánypárti;0.49;5;;https://telex.hu/rss;A kormányszóvivő szerint nem lehet elmenni Nagy Feró kijelentése mellett. Posztjában azért Magyar Pétert és Ruszin-Szendi Romuluszt is megemlítette.;A kormányszóvivő szerint nem lehet elmenni Nagy Feró kijelentése mellett. Posztjában azért Magyar Pétert és Ruszin-Szendi Romuluszt is megemlítette.
20d02ce287e201092f464ef328c08ae309eb2ebebe7c27ec6cf9c45f91ed3d9b;2025-10-27 12:40:17;Magyarországot is elérhetik az amerikai szankciók? Megvan, mikor egyezkedhet Orbán Viktor Trumppal;https://privatbankar.hu/cikkek/makro/magyarorszagot-is-elerhetik-az-amerikai-szankciok-megvan-mikor-egyezkedhet-orban-viktor-trumppal.html?utm_source=rss&utm_medium=referral;kormánypárti;0.488;2;;https://privatbankar.hu/rss;"A kormány vizsgálja a helyzetet – árulta el Szijjártó Péter.&amp;nbsp;";"A kormány vizsgálja a helyzetet – árulta el Szijjártó Péter.&amp;nbsp;"
36ed09f7f70cbdadd0c7faca30c277bcc0a0856ddf84df8156604207cddc7251;2025-10-27 13:02:33;Nyugathibáztatás és „felszabadító háború”: telibe tolta az orosz propagandát Szijjártó kedvenc Youtube-csatornáján Lavrov külügyminiszter;https://444.hu/2025/10/26/ultrahang-szergej-lavrov-orosz-propaganda?utm_source=rss_feed&utm_medium=rss&utm_campaign=rss_syndication;ellenzéki;0.482;6;;https://444.hu/feed;Moszkvában adott nyilatkozatot a magyar külügyminiszter barátja az eddig is oroszbarát tartalmakban utazó Ultrahangnak.;Moszkvában adott nyilatkozatot a magyar külügyminiszter barátja az eddig is oroszbarát tartalmakban utazó Ultrahangnak.
981075be24c330a22dcf3e1b4c9dee1dfc77e9dfd8b555fafcc11d93af12dfae;2025-10-27 12:40:17;Gyurcsány Ferenc: Semmilyen fontos politikai kérdésben nem változott a véleményem;https://nepszava.hu/3299325_gyurcsany-ferenc-demokratikus-koalicio-politika-konyv;ellenzéki;0.481;0;;https://nepszava.hu/rss;"Azt szeretné, ha sikeres lenne a Demokratikus Koalíció politikája.&nbsp;";"Azt szeretné, ha sikeres lenne a Demokratikus Koalíció politikája.&nbsp;"
9d62bb9d79538d2d1b6e00fbe65a32033afe4198dc2c646f0adf5e1927b28003;2025-10-27 12:40:13;Rácz András a magyar–orosz viszonyról: Valami irdatlan titoknak kell lenni, vagy nem a magyar nemzeti érdek mentén születnek a döntések;https://telex.hu/kulfold/2025/10/27/racz-andras-orosz-ukran-haboru-tuzszunet-trump-repulo-csernobil;kormánypárti;0.479;0;;https://telex.hu/rss;Az Oroszország-szakértő a Telex műsorában arról is beszélt, miért megmagyarázhatatlan és hogyan lesz megismerhető, hogy a magyar kormány miért az orosz érdekeknek megfelelően cselekszik.;Az Oroszország-szakértő a Telex műsorában arról is beszélt, miért megmagyarázhatatlan és hogyan lesz megismerhető, hogy a magyar kormány miért az orosz érdekeknek megfelelően cselekszik.
304f3f9c86c17d53ba847fb6be43e2bc427abb81205781ebe2c2333e26313438;2025-10-26 15:15:53;A Tisza Párt Nemzeti Menete: egészen új helyzetben találta magát egy magyar ellenzéki szavazó;https://magyarnarancs.hu/belpol/a-tisza-part-nemzeti-menete-egeszen-uj-helyzetben-talalta-magat-egy-magyar-ellenzeki-szavazo-277721;kormánypárti;0.477;0;;https://magyarnarancs.hu/rss;<p>Magyar Péter magáévá tette a Fidesz legsikeresebb dolgait, a szavazói pedig rácsodálkozhattak, hogy többen vannak és menőbb tüntetésekre járnak, mint a fideszéi.</p>;<p>Magyar Péter magáévá tette a Fidesz legsikeresebb dolgait, a szavazói pedig rácsodálkozhattak, hogy többen vannak és menőbb tüntetésekre járnak, mint a fideszéi.</p>
50fb91727cf7328a031da3703b522a91bfec08e32ec797ba8d7aecb018749b60;2025-10-26 15:15:53;Ez most megmutatja az erőviszonyokat – fideszeseket és tiszásokat kérdeztünk október 23-án;https://privatbankar.hu/cikkek/szubjektiv/ez-most-megmutatja-az-eroviszonyokat--fideszeseket-es-tiszasokat-kerdeztunk-oktober-23-an.html?utm_source=rss&utm_medium=referral;kormánypárti;0.476;0;;https://privatbankar.hu/rss;"A magyar forradalom és szabadságharc emléknapján&amp;nbsp;Orbán Viktor kormányfő a Kossuth téren beszélt, ahol&amp;nbsp;a Békemenet végállomása volt. Magyar Péter, a Tisza Párt elnöke pedig a Hősök terén szólalt fel, ahová a Nemzeti Menet résztvevői mentek. A beszédekre tartókat kérdeztük mindkét oldalon. És Puzsér Róbertbe is belebotlottunk.";"A magyar forradalom és szabadságharc emléknapján&amp;nbsp;Orbán Viktor kormányfő a Kossuth téren beszélt, ahol&amp;nbsp;a Békemenet végállomása volt. Magyar Péter, a Tisza Párt elnöke pedig a Hősök terén szólalt fel, ahová a Nemzeti Menet résztvevői mentek. A beszédekre tartókat kérdeztük mindkét oldalon. És Puzsér Róbertbe is belebotlottunk."
d0f0f39d02bb50b4c37ac288f51a5e4a52d700d5a93b8b6daf465681d0d3efd8;2025-10-27 12:40:14;Hann Endre: Kiélezettebb a helyzet, mint korábban szinte bármikor a Fidesz 15 éves uralma alatt;https://444.hu/2025/10/27/hann-endre-kielezettebb-a-helyzet-mint-korabban-szinte-barmikor-a-fidesz-15-eves-uralma-alatt?utm_source=rss_feed&utm_medium=rss&utm_campaign=rss_syndication;kormánypárti;0.468;0;;https://444.hu/feed;A Medián igazgatója szerint a Fideszen belül is komolyan számolnak azzal, hogy nyerhet az ellenzék.;A Medián igazgatója szerint a Fideszen belül is komolyan számolnak azzal, hogy nyerhet az ellenzék.
2de30c16db0546377c2132125d371173e0e5e06a4bb00f028f1264915eebb7e4;2025-10-27 12:40:13;Bayer Zsolt Nagy Ferónak: Kérj bocsánatot, ahogy férfihoz illik, aztán igyunk meg valamit;https://telex.hu/belfold/2025/10/27/bayer-zsolt-nagy-fero-szolo-utca;ellenzéki;0.461;5;;https://telex.hu/rss;A kormánypárti publicista arról írt, barátjának tartja Nagy Ferót, de most meggondolatlan és ostoba volt.;A kormánypárti publicista arról írt, barátjának tartja Nagy Ferót, de most meggondolatlan és ostoba volt.
f56f8b4f4301184ce3cd7af74f22cfd872c89834a46fd288c8de4d7825834b6e;2025-10-26 15:15:51;Nagy Feró a díszpolgári cím elvételéről: „És akkor mi van? A város lesz szegényebb, nem én.”;https://hvg.hu/elet/20251025_Nagy-Fero-diszpolgari-cim-reakcio-Orbottyan-Szolo-utca-ebx;ellenzéki;0.459;5;;https://hvg.hu/rss;A zenész őrbottyáni díszpolgári címét a Szőlő utcai botrányról tett kijelentései miatt venné el egy önkormányzati képviselő.;A zenész őrbottyáni díszpolgári címét a Szőlő utcai botrányról tett kijelentései miatt venné el egy önkormányzati képviselő.
2575fb3cffa4b63bc5845fe0f020b3003f2cfbe56df2f731d5b47d58761ccf8d;2025-10-27 12:48:41;Miközben az EU szankciókra készül, Szijjártó Péter továbbra is kitart a Netanjahu-kormány mellett;https://privatbankar.hu/cikkek/makro/hiaba-az-unios-tiltakozas-szijjarto-peter-tovabbra-is-kitart-a-netanjahu-kormany-mellett.html?utm_source=rss&utm_medium=referral;kormánypárti;0.453;2;;https://privatbankar.hu/rss;A magyar külügyminiszter izraeli hivatali kollégáját fogadta ma Budapesten, e kapcsán beszélt a béketeremtésről és az Európai Unió Izraellel kapcsolatos politikájáról.;A magyar külügyminiszter izraeli hivatali kollégáját fogadta ma Budapesten, e kapcsán beszélt a béketeremtésről és az Európai Unió Izraellel kapcsolatos politikájáról.
429be4a77116e66fcdf29ca8a82e43bc968079550eb329f461398c564117a4e6;2025-10-26 15:15:53;Magyar Péter és Orbán Viktor után Dobrev Klára is országjárásra indul;https://nepszava.hu/3299239_dobrev-klara-orszagjaras-dk-uj-program;ellenzéki;0.449;0;;https://nepszava.hu/rss;"A Demokratikus Koalíció elnöke vasárnap bemutatta az ellenzéki párt új programját.&nbsp;";"A Demokratikus Koalíció elnöke vasárnap bemutatta az ellenzéki párt új programját.&nbsp;"
e90b28207b387754d4d5d79a64cae52c2101c344b223bc862c0346a21967ff9f;2025-10-27 12:40:14;„Elképesztően undorító és visszataszító” – váratlan javaslat hangzott el a parlamentben;https://index.hu/belfold/2025/10/27/orszaggyules-parlament-vita-fidesz-kdnp-ellenzek-nyugdij-vasut-gyermekvedelem-haboru/;ellenzéki;0.449;3;;https://index.hu/24ora/rss/;Erősen kezdte a hetet az Országgyűlés.;Erősen kezdte a hetet az Országgyűlés.
a96d3837ba5b2aa506d21b2991c421390a811b492b10b5953291861c9a601cfd;2025-10-27 12:40:14;A szívószálpápa megnevezte a hatalom legújabb, legfelháborítóbb fegyverét;https://24.hu/kozelet/2025/10/27/a-szivoszalpapa-bekemenet-oktober-23-sipos-erzsebet-orban-viktor/;ellenzéki;0.448;1;;https://24.hu/feed/;"<p>A debreceni nagyvállalkozó kérdéssel fordult a miniszterelnökhöz.</p> <p>The post <a href=""https://24.hu/kozelet/2025/10/27/a-szivoszalpapa-bekemenet-oktober-23-sipos-erzsebet-orban-viktor/"" target=""_blank"">A szívószálpápa megnevezte a hatalom legújabb, legfelháborítóbb fegyverét</a> first appeared on <a href=""https://24.hu/"" target=""_blank"">24.hu</a>.</p>";"<p>A debreceni nagyvállalkozó kérdéssel fordult a miniszterelnökhöz.</p> <p>The post <a href=""https://24.hu/kozelet/2025/10/27/a-szivoszalpapa-bekemenet-oktober-23-sipos-erzsebet-orban-viktor/"" target=""_blank"">A szívószálpápa megnevezte a hatalom legújabb, legfelháborítóbb fegyverét</a> first appeared on <a href=""https://24.hu/"" target=""_blank"">24.hu</a>.</p>"
5ece556cf67ae8d8462cb47c0cfa031d43e33ef479d6332402e85f38533c1acb;2025-10-26 15:15:51;Semjén Zsolt elárulta, hogy a „Zsolti bácsi” ügyben mit nyomoztak ki eddig, és bocsánatkérést vár;https://hvg.hu/itthon/20251025_Semjen-Zsolt-elarulta-hogy-a-Zsolti-bacsi-ugyben-mit-nyomoztak-ki-eddig-es-bocsanatkerest-var;ellenzéki;0.447;5;;https://hvg.hu/rss;"A miniszterelnök-helyettes szerint bebizonyosodot, hogy a kormánytagokat &#8211; így őt is &#8211; „minden alapot nélkülözve, ártatlanul rágalmazták meg”.";"A miniszterelnök-helyettes szerint bebizonyosodot, hogy a kormánytagokat &#8211; így őt is &#8211; „minden alapot nélkülözve, ártatlanul rágalmazták meg”."
5ed4ef89631230fe5d2340257a82f91a138b16c65fc767c8541fc19592d69b74;2025-10-27 12:40:14;Egyre többen hiszik el, hogy leváltható a Fidesz;https://444.hu/2025/10/27/egyre-tobben-hiszik-el-hogy-levalthato-a-fidesz?utm_source=rss_feed&utm_medium=rss&utm_campaign=rss_syndication;kormánypárti;0.447;0;;https://444.hu/feed;Az október 23-i menetelésből a Tisza jött ki jobban, és egyre több jel mutat arra, hogy a többség őket látja esélyesnek. Tud-e váltani a fejnehéz Orbán-kampány? A stúdióban Rényi Pál Dániel és Czinkóczi Sándor, a telefonnál Hann Endre.;Az október 23-i menetelésből a Tisza jött ki jobban, és egyre több jel mutat arra, hogy a többség őket látja esélyesnek. Tud-e váltani a fejnehéz Orbán-kampány? A stúdióban Rényi Pál Dániel és Czinkóczi Sándor, a telefonnál Hann Endre.
bbc39bde2fb669b440e679ee1dda0762a24ee6e8f77370cabb272456cc423ba9;2025-10-27 12:40:14;Kiszúrtunk valamit Orbán Viktor vatikáni fotóján, ez a háttér sokat elárul;https://index.hu/kulfold/2025/10/27/orban-viktor-miniszterelnok-vatikan-semjen-zsolt-olaszorszag-maganaudiencia-roma-hivatalos-latogatas/;kormánypárti;0.431;2;;https://index.hu/24ora/rss/;Kiderült, mit kért a kormányfő XIV. Leó pápától.;Kiderült, mit kért a kormányfő XIV. Leó pápától.
8a820c4aaebda92550bb227bb614e6360eb770c9064d87991636182652c33e88;2025-10-27 12:48:38;Itt a kormány válasza a NATO-nagykövet kijelentésére: Orbán Viktor személyesen tárgyal Donald Trumppal az orosz olajról;https://index.hu/gazdasag/2025/10/27/szijjarto-peter-energia-kulgazdasag-kulugyminiszter-egyesult-allamok-szankciok-donald-trump-orosz-olaj-kereskedelem/;kormánypárti;0.431;6;;https://index.hu/24ora/rss/;Szijjártó Péter: Nem vagyok híve semmifajta üzengetésnek.;Szijjártó Péter: Nem vagyok híve semmifajta üzengetésnek.
32339daea6d30f2ae20b8d9d1faef7057ded6265496f8a1dd6b6fa41fa020341;2025-10-26 15:15:51;A Tisza Párt női politikusai levelet írtak Orbán Viktornak és Vitályos Eszternek a nőgyűlölő és lealacsonyító közbeszéd miatt;https://hvg.hu/itthon/20251025_Magyar-Peter-nyilt-levelet-irt-Orban-Viktornak-es-Vitalyos-Eszternek;ellenzéki;0.429;0;;https://hvg.hu/rss;A Tisza Párt női politikusai szerint az október 23-i Békemeneten és a Kossuth téri állami ünnepségen olyan közszereplők is részt vettek, akik súlyos, nőket érintő ügyekkel köthetők össze, ezért várja a két kormánypárti politikus nyilvános állásfoglalását az ügyben.;A Tisza Párt női politikusai szerint az október 23-i Békemeneten és a Kossuth téri állami ünnepségen olyan közszereplők is részt vettek, akik súlyos, nőket érintő ügyekkel köthetők össze, ezért várja a két kormánypárti politikus nyilvános állásfoglalását az ügyben.
557649bb7bd8747a204d4e282bca4dedf252d092bbdb1c62f826f50be805cb34;2025-10-26 15:15:53;"Egy különös magyar történész
– Csunderlik Péter könyvét olvasva";https://nepszava.hu/3298691_egy-kulonos-magyar-tortenesz-csunderlik-peter-konyvet-olvasva;ellenzéki;0.429;5;;https://nepszava.hu/rss;Több évtizede annak, hogy egy munkásgyökerű, baloldali politikus zöldövezeti villájában a kedélyes kvaterkázás egy pontján, pár pohár bor utáni őszinteségi rohamában azt találta tudatni velem, hogy nem szeretne még egyszer szegény lenni. Csunderlik Péter „Egy különleges közép-európai történész – Hanák Péter pályaképe” (Napvilág Kiadó, 2023) című könyvét újraolvasva villant belém a gondolat, hogy a;Több évtizede annak, hogy egy munkásgyökerű, baloldali politikus zöldövezeti villájában a kedélyes kvaterkázás egy pontján, pár pohár bor utáni őszinteségi rohamában azt találta tudatni velem, hogy nem szeretne még egyszer szegény lenni. Csunderlik Péter „Egy különleges közép-európai történész – Hanák Péter pályaképe” (Napvilág Kiadó, 2023) című könyvét újraolvasva villant belém a gondolat, hogy a híres történészt is talán az motiválta az elején, hogy nem akart újra esztergályos lenni.
92e0b509b8417a5938e16acdfa05dd16a4819e3d31acaddbf1ff33ad18c5c916;2025-10-27 12:40:17;Hiába az uniós tiltakozás, Szijjártó Péter továbbra is kitart a Netanjahu-kormány mellett;https://privatbankar.hu/cikkek/makro/hiaba-az-unios-tiltakozas-szijjarto-peter-tovabbra-is-kitart-a-netanjahu-kormany-mellett.html?utm_source=rss&utm_medium=referral;kormánypárti;0.428;2;;https://privatbankar.hu/rss;A magyar külügyminiszter izraeli hivatali kollégáját fogadta ma Budapesten, e kapcsán beszélt a béketeremtésről és az Európai Unió Izraellel kapcsolatos politikájáról.;A magyar külügyminiszter izraeli hivatali kollégáját fogadta ma Budapesten, e kapcsán beszélt a béketeremtésről és az Európai Unió Izraellel kapcsolatos politikájáról.
3c8e2adf69c78c7e9db1e8c06fe15d5cfde2422a777686b4876501cda7f1a750;2025-10-27 13:02:35;Mielőtt halálra röhögnénk magunkat a fideszes digitális harcosokon;https://magyarnarancs.hu/publicisztika/mielott-halalra-rohognenk-magunkat-a-fideszes-digitalis-harcosokon-277720;ellenzéki;0.428;3;re:\bkampány\b;https://magyarnarancs.hu/rss;<p>Nagyon nehéz megfejteni a fideszes kampány működését, de van néhány elem, amelyek alapján arra lehet következtetni, hogy van muníció a tarsolyban. És ez egyáltalán nem megnyugtató.</p>;<p>Nagyon nehéz megfejteni a fideszes kampány működését, de van néhány elem, amelyek alapján arra lehet következtetni, hogy van muníció a tarsolyban. És ez egyáltalán nem megnyugtató.</p>
b40751ae654d20f877ffe6660dbcbc79b5ef0013da6795512ca30faf00a7ff92;2025-10-27 13:02:34;Mészáros Lőrinc a felcsúti stadionban mondott nemet a háborús tervekre;https://24.hu/belfold/2025/10/27/meszaros-lorinc-felcsuti-stadion-brusszel-haboru-fidesz-alairasgyujtes/;ellenzéki;0.424;5;;https://24.hu/feed/;"<p>Pedig ott tilos politizálni – erről épp egy másik fideszes aláíró nyilatkozott korábban.</p> <p>The post <a href=""https://24.hu/belfold/2025/10/27/meszaros-lorinc-felcsuti-stadion-brusszel-haboru-fidesz-alairasgyujtes/"" target=""_blank"">Mészáros Lőrinc a felcsúti stadionban mondott nemet a háborús tervekre</a> first appeared on <a href=""https://24.hu/"" target=""_blank"">24.hu</a>.</p>";"<p>Pedig ott tilos politizálni – erről épp egy másik fideszes aláíró nyilatkozott korábban.</p> <p>The post <a href=""https://24.hu/belfold/2025/10/27/meszaros-lorinc-felcsuti-stadion-brusszel-haboru-fidesz-alairasgyujtes/"" target=""_blank"">Mészáros Lőrinc a felcsúti stadionban mondott nemet a háborús tervekre</a> first appeared on <a href=""https://24.hu/"" target=""_blank"">24.hu</a>.</p>"
5945367270e29333b2741a0bbee0537825d5db3ce814a685863128625e27996c;2025-10-27 12:40:17;Bajban a román kormány, koalíciós válságot okozott az alkotmánybíróság döntése;https://nepszava.hu/3298806_bajban-a-roman-kormany-koalicios-valsagot-okozott-az-alkotmanybirosag-dontese;ellenzéki;0.419;0;;https://nepszava.hu/rss;"Ilie Bolojan miniszterelnök pozíciója is megrendült. Az eleve feszültségekkel tele négypárti koalíció recseg-ropog.&nbsp;";"Ilie Bolojan miniszterelnök pozíciója is megrendült. Az eleve feszültségekkel tele négypárti koalíció recseg-ropog.&nbsp;"
9ef03b2b660e2b2b3323508ce482fb782f32c55ecb7fe0af729b7825908e3469;2025-10-26 15:15:52;Hadházy közzétette a hatvanpusztai zebrák engedélykérelmeit, miután Orbán anyja tagadta a létezésüket;https://24.hu/belfold/2025/10/26/hadhazy-kozzetette-a-hatvanpusztai-zebrak-engedelykerelmeit-miutan-orban-anyja-tagadta-a-letezesuket/;kormánypárti;0.413;1;;https://24.hu/feed/;"<p>A zebrás dokumentumokat a kormány.hu oldalon lehet megnézni.</p> <p>The post <a href=""https://24.hu/belfold/2025/10/26/hadhazy-kozzetette-a-hatvanpusztai-zebrak-engedelykerelmeit-miutan-orban-anyja-tagadta-a-letezesuket/"" target=""_blank"">Hadházy közzétette a hatvanpusztai zebrák engedélykérelmeit, miután Orbán anyja tagadta a létezésüket</a> first appeared on <a href=""https://24.hu/"" target=""_b";"<p>A zebrás dokumentumokat a kormány.hu oldalon lehet megnézni.</p> <p>The post <a href=""https://24.hu/belfold/2025/10/26/hadhazy-kozzetette-a-hatvanpusztai-zebrak-engedelykerelmeit-miutan-orban-anyja-tagadta-a-letezesuket/"" target=""_blank"">Hadházy közzétette a hatvanpusztai zebrák engedélykérelmeit, miután Orbán anyja tagadta a létezésüket</a> first appeared on <a href=""https://24.hu/"" target=""_blank"">24.hu</a>.</p>"
e36961ce8dc43a413790f841c8e67502652bceaef0a466a9da8ae3f18267805b;2025-10-27 12:40:14;Gyurcsány Ferenc: Nagyon megviselt, hogy megszűntek azok a tartóelemek, amelyek meghatározták az életemet;https://hvg.hu/itthon/20251027_Gyurcsany-Ferenc-interju-ot;kormánypárti;0.412;1;;https://hvg.hu/rss;A volt kormányfő azt mondta: a DK-nak továbbra is tagja maradt, de május 8. óta már nem tartja magát közszereplőnek.;A volt kormányfő azt mondta: a DK-nak továbbra is tagja maradt, de május 8. óta már nem tartja magát közszereplőnek.
8578c1b39fba3858e7626152053b7998c7b48f4817c43fef4585f006088400d1;2025-10-27 12:40:14;Lemondott az őrbottyáni önkormányzati képviselő, aki Nagy Feró díszpolgári címének visszavonását kezdeményezte;https://444.hu/2025/10/26/lemondott-az-orbottyani-onkormanyzati-kepviselo-aki-nagy-fero-diszpolgari-cimenek-visszavonasat-kezdemenyezte?utm_source=rss_feed&utm_medium=rss&utm_campaign=rss_syndication;ellenzéki;0.411;5;;https://444.hu/feed;Deák Emese azt írta, az állásfoglalása olyan érzetet kelthetett, „hogy annak politikai vetülete van”.;Deák Emese azt írta, az állásfoglalása olyan érzetet kelthetett, „hogy annak politikai vetülete van”.
48f1a61d009906a53a94abf55c8576dde36a199286b31fd32c749c2ccd680f0f;2025-10-26 15:15:53;Elárulta Magyar Péter, mik lennének a kormánya első intézkedései;https://privatbankar.hu/cikkek/kozerdeku/elarulta-magyar-peter-mit-tenne-rogton-a-kormanyra-kerulo-tisza.html?utm_source=rss&utm_medium=referral;kormánypárti;0.41;0;;https://privatbankar.hu/rss;Magyar Péter 17 óra előtt pár perccel kezdte el ünnepi beszédét a Hősök terén. A Tisza Párt elnöke zászlót lengetve lépett színpadra.;Magyar Péter 17 óra előtt pár perccel kezdte el ünnepi beszédét a Hősök terén. A Tisza Párt elnöke zászlót lengetve lépett színpadra.
136a9557f98754a57c7bfb4090779782c5e7c527a6d5eb14feee300664308f26;2025-10-27 12:40:14;Trump legnagyobb kritikusa megerősítette: gondolkodik a 2028-as induláson;https://444.hu/2025/10/27/trump-legnagyobb-kritikusa-megerositette-gondolkodik-a-2028-as-indulason?utm_source=rss_feed&utm_medium=rss&utm_campaign=rss_syndication;ellenzéki;0.403;6;;https://444.hu/feed;Gavin Newsom, Kalifornia kormányzója az első demokrata politikus, aki új stratégiával száll szembe Trumppal.;Gavin Newsom, Kalifornia kormányzója az első demokrata politikus, aki új stratégiával száll szembe Trumppal.
fc7f0a67366bcbe95385002f90db1ff10c9856272792d73d619874d8b5c2a3be;2025-10-27 13:02:35;Dobrev Klára nyílt levelet írt XIV. Leó pápának a Budapesti Javítóintézet körüli botrány ügyében;https://nepszava.hu/3299340_xiv-leo-papa-dobrev-klara-budapesti-javitointezet-szolo-utcai-javitointezet-level-botrany;kormánypárti;0.402;2;;https://nepszava.hu/rss;A DK elnöke arra kéri a katolikus egyházfőt, hasson a Vatikánba utazó Orbán Viktor miniszterelnökre a bűncselekmények teljes és átlátható feltárásáért, és hogy ne fordulhasson elő többé a gyermekek megalázása, kihasználása.;A DK elnöke arra kéri a katolikus egyházfőt, hasson a Vatikánba utazó Orbán Viktor miniszterelnökre a bűncselekmények teljes és átlátható feltárásáért, és hogy ne fordulhasson elő többé a gyermekek megalázása, kihasználása.
d742a9a80ac5dec781a1afbf1202aed2f857cc5dcd96b8343cc953738feb603a;2025-10-26 15:15:51;Még mindig kotlanak a kormányok az óraátállítás uniós eltörlésén, de felvillant némi remény;https://telex.hu/kulfold/2025/10/26/eu-oraatallitas-eltorles-visszavonas-europai-bizottsag-cafolat-europai-parlament-vita;kormánypárti;0.401;7;;https://telex.hu/rss;A magyar sajtóban korábban terjengő álhírrel szemben az Európai Bizottság nem vonta vissza a javaslatot. Újabb elemzéssel lökné előre a tagállami Tanácsot, ahol a spanyolok is piszkálják az ügyet.;A magyar sajtóban korábban terjengő álhírrel szemben az Európai Bizottság nem vonta vissza a javaslatot. Újabb elemzéssel lökné előre a tagállami Tanácsot, ahol a spanyolok is piszkálják az ügyet.
201db62d7e375f43eeb3d83897da1cba26f8c0af7d92c68e57e354b1de7805a2;2025-10-27 12:40:13;Orbán Viktor elhúzná a választásokig az orosz leválás megtervezését, de az USA nem akarja halogatni;https://telex.hu/gazdasag/2025/10/27/orban-viktor-donald-trump-orosz-levalas-olaj-gaz-atom;kormánypárti;0.401;0;;https://telex.hu/rss;Egyre erősebb nyugati nyomás nehezedik Magyarországra, hogy mielőbb csökkentse függését az orosz energiától. Az orosz olajról, gázról és nukleáris fűtőanyagról való leválás kérdése itthon erősen átpolitizált, a kormány és a Mol pedig inkább a 2026-os választások utánra halasztaná a lépéseket.;Egyre erősebb nyugati nyomás nehezedik Magyarországra, hogy mielőbb csökkentse függését az orosz energiától. Az orosz olajról, gázról és nukleáris fűtőanyagról való leválás kérdése itthon erősen átpolitizált, a kormány és a Mol pedig inkább a 2026-os választások utánra halasztaná a lépéseket.
ad225d39059094599234a8a581ab1b3ccbba0d005c0b9522ef56994ee0245da5;2025-10-27 12:40:17;Nem kérnek a trumpizmusból: világszerte ébredezik a Z generáció;https://magyarnarancs.hu/publicisztika/nem-kernek-a-trumpizmusbol-vilagszerte-ebredezik-a-z-generacio-277725;kormánypárti;0.4;3;;https://magyarnarancs.hu/rss;<p>Amikor már azt gondoltuk, hogy a világ elfordul a szélsőjobb irányába, megjelent egy új erő. Az elmúlt egy évben a huszonévesek, a Z generáció tucatnyi országban kezdett látványos, de békés tiltakozásba, mert működő államokban, egészséges társadalmakban szeretnének élni. Bernard Guetta francia európai parlamenti képviselő írása.</p>;<p>Amikor már azt gondoltuk, hogy a világ elfordul a szélsőjobb irányába, megjelent egy új erő. Az elmúlt egy évben a huszonévesek, a Z generáció tucatnyi országban kezdett látványos, de békés tiltakozásba, mert működő államokban, egészséges társadalmakban szeretnének élni. Bernard Guetta francia európai parlamenti képviselő írása.</p>
82ed2a9db1fcba8a771c35263b039cb6e7f09b249664c437b9796994fde491c1;2025-10-27 13:02:33;„Nem válaszolnak, el sem jöttek a bíróságra, nem adtak még ki semmilyen adatot” – egy ítélet hozhat fordulatot az MNB-alapítványok ügyében;https://hvg.hu/360/20251027_hvg-alapos-adatok-pallas-athene-mnb-alapitvany-transparency-international;ellenzéki;0.399;1;;https://hvg.hu/rss;Lassan talán kiderül, hogy Matolcsy György jegybankelnöki éveiben milyen trükkökkel szivattyúztak ki százmilliárdokat, miután a Transparency International közérdekű adatpert nyert a Pallas Athéné Alapítvány vagyonkezelőjével szemben. Hamarosan sok fontos részlet napvilágra kerülhet.;Lassan talán kiderül, hogy Matolcsy György jegybankelnöki éveiben milyen trükkökkel szivattyúztak ki százmilliárdokat, miután a Transparency International közérdekű adatpert nyert a Pallas Athéné Alapítvány vagyonkezelőjével szemben. Hamarosan sok fontos részlet napvilágra kerülhet.
